{
    "shared_item_grid": {
        "type":"array",
        "orientation": "horizontal",
        "content": [
            {
                "type": "itemgrid",
                "h_alignment": "center",
                "item_margin": "1,1",
                "rows": [
					["F000", "F001", "F002", "F003", "F004", "F005", "F006", "F007", "F008", "F009", "F010", "F011"], 
					["F012", "F013", "F014", "F015", "F016", "F017", "F018", "F019", "F020", "F021", "F022", "F023"], 
					["F024", "F025", "F026", "F027", "F028", "F029", "F030", "F031", "F032", "F033", "F034", "F035"], 
					["F036", "F037", "F038", "F039", "F040", "F041", "F042", "F043", "F044", "F045", "F046", "F047"], 
					["F048", "F049", "F050", "F051", "F052", "F053", "F054", "F055", "F056", "F057", "F058", "F059"], 
					["F060", "F061", "F062", "F063", "F064", "F065", "F066", "F067", "F068", "F069", "F070", "F071"], 
					["F072", "F073", "F074", "F075", "F076", "F077", "F078", "F079", "F080", "F081", "F082", "F083"], 
					["F084", "F085", "F086", "F087", "F088", "F089", "F090", "F091", "F092", "F093", "F094", "F095"], 
					["F096", "F097", "F098", "F099", "F100", "F101", "F102", "F103", "F104", "F105", "F106", "F107"], 
					["F108", "F109", "F110", "F111", "F112", "F113", "F114", "F115", "F116", "F117", "F118", "F119"], 
					["F120", "F121", "F122", "F123", "F124", "F125", "F126", "F127", "F128", "F129", "F130", "F131"], 
					["F132", "F133", "F134", "F135", "F136", "F137", "F138", "F139", "F140", "F141", "F142", "F143"], 
					["F144", "F145", "F146", "F147", "F148", "F149", "F150", "F151", "F152", "F153", "F154", "F155"], 
					["F156", "F157", "F158", "F159", "F160", "F161", "F162", "F163", "F164", "F165", "F166", "F167"], 
					["F168", "F169", "F170", "F171", "F172", "F173", "F174", "F175", "F176"]
                ]
            }            
        ]
    }
}