[
	// F000 Blue-Eyes White Dragon (Azrael)
	{
		"name": "Blue-Eyes White Dragon (Azrael)",
		"type": "toggle",
		"img": "images/F000.png",
		"codes": "F000"
	},
	// F001 Blue-Eyes White Dragon (Ibris)
	{
		"name": "Blue-Eyes White Dragon (Ibris)",
		"type": "toggle",
		"img": "images/F001.png",
		"codes": "F001"
	},
	// F002 Blue-Eyes White Dragon (Djibril)
	{
		"name": "Blue-Eyes White Dragon (Djibril)",
		"type": "toggle",
		"img": "images/F002.png",
		"codes": "F002"
	},
	// F003 Seiyaryu
	{
		"name": "Seiyaryu",
		"type": "toggle",
		"img": "images/F003.png",
		"codes": "F003"
	},
	// F004 Blue-Eyes Ultimate Dragon
	{
		"name": "Blue-Eyes Ultimate Dragon",
		"type": "toggle",
		"img": "images/F004.png",
		"codes": "F004"
	},
	// F005 Kaiser Dragon
	{
		"name": "Kaiser Dragon",
		"type": "toggle",
		"img": "images/F005.png",
		"codes": "F005"
	},
	// F006 Blackland Fire Dragon
	{
		"name": "Blackland Fire Dragon",
		"type": "toggle",
		"img": "images/F006.png",
		"codes": "F006"
	},
	// F007 Curse of Dragon
	{
		"name": "Curse of Dragon",
		"type": "toggle",
		"img": "images/F007.png",
		"codes": "F007"
	},
	// F008 Red-Eyes Black Dragon
	{
		"name": "Red-Eyes Black Dragon",
		"type": "toggle",
		"img": "images/F008.png",
		"codes": "F008"
	},
	// F009 Black Skull Dragon
	{
		"name": "Black Skull Dragon",
		"type": "toggle",
		"img": "images/F009.png",
		"codes": "F009"
	},
	// F010 Serpent Night Dragon
	{
		"name": "Serpent Night Dragon",
		"type": "toggle",
		"img": "images/F010.png",
		"codes": "F010"
	},
	// F011 Meteor Black Dragon
	{
		"name": "Meteor Black Dragon",
		"type": "toggle",
		"img": "images/F011.png",
		"codes": "F011"
	},
	// F012 Crawling Dragon
	{
		"name": "Crawling Dragon",
		"type": "toggle",
		"img": "images/F012.png",
		"codes": "F012"
	},
	// F013 Meteor Dragon
	{
		"name": "Meteor Dragon",
		"type": "toggle",
		"img": "images/F013.png",
		"codes": "F013"
	},
	// F014 Baby Dragon
	{
		"name": "Baby Dragon",
		"type": "toggle",
		"img": "images/F014.png",
		"codes": "F014"
	},
	// F015 Winged Dragon, Guardian of the Fortress #1
	{
		"name": "Winged Dragon, Guardian of the Fortress #1",
		"type": "toggle",
		"img": "images/F015.png",
		"codes": "F015"
	},
	// F016 Gaia the Dragon Champion
	{
		"name": "Gaia the Dragon Champion",
		"type": "toggle",
		"img": "images/F016.png",
		"codes": "F016"
	},
	// F017 Thousand Dragon
	{
		"name": "Thousand Dragon",
		"type": "toggle",
		"img": "images/F017.png",
		"codes": "F017"
	},
	// F018 Parrot Dragon
	{
		"name": "Parrot Dragon",
		"type": "toggle",
		"img": "images/F018.png",
		"codes": "F018"
	},
	// F019 Harpie's Pet Dragon
	{
		"name": "Harpie's Pet Dragon",
		"type": "toggle",
		"img": "images/F019.png",
		"codes": "F019"
	},
	// F020 Two-Headed King Rex
	{
		"name": "Two-Headed King Rex",
		"type": "toggle",
		"img": "images/F020.png",
		"codes": "F020"
	},
	// F021 Megazowler
	{
		"name": "Megazowler",
		"type": "toggle",
		"img": "images/F021.png",
		"codes": "F021"
	},
	// F022 Uraby
	{
		"name": "Uraby",
		"type": "toggle",
		"img": "images/F022.png",
		"codes": "F022"
	},
	// F023 Kairyu-Shin
	{
		"name": "Kairyu-Shin",
		"type": "toggle",
		"img": "images/F023.png",
		"codes": "F023"
	},
	// F024 Aqua Dragon
	{
		"name": "Aqua Dragon",
		"type": "toggle",
		"img": "images/F024.png",
		"codes": "F024"
	},
	// F025 Sea King Dragon
	{
		"name": "Sea King Dragon",
		"type": "toggle",
		"img": "images/F025.png",
		"codes": "F025"
	},
	// F026 Spike Seadra
	{
		"name": "Spike Seadra",
		"type": "toggle",
		"img": "images/F026.png",
		"codes": "F026"
	},
	// F027 Thunder Dragon
	{
		"name": "Thunder Dragon",
		"type": "toggle",
		"img": "images/F027.png",
		"codes": "F027"
	},
	// F028 Twin-Headed Thunder Dragon
	{
		"name": "Twin-Headed Thunder Dragon",
		"type": "toggle",
		"img": "images/F028.png",
		"codes": "F028"
	},
	// F029 Mystical Elf
	{
		"name": "Mystical Elf",
		"type": "toggle",
		"img": "images/F029.png",
		"codes": "F029"
	},
	// F030 Time Wizard
	{
		"name": "Time Wizard",
		"type": "toggle",
		"img": "images/F030.png",
		"codes": "F030"
	},
	// F031 Rogue Doll
	{
		"name": "Rogue Doll",
		"type": "toggle",
		"img": "images/F031.png",
		"codes": "F031"
	},
	// F032 Magician of Faith
	{
		"name": "Magician of Faith",
		"type": "toggle",
		"img": "images/F032.png",
		"codes": "F032"
	},
	// F033 Dark Magician
	{
		"name": "Dark Magician",
		"type": "toggle",
		"img": "images/F033.png",
		"codes": "F033"
	},
	// F034 Dark Magician Girl
	{
		"name": "Dark Magician Girl",
		"type": "toggle",
		"img": "images/F034.png",
		"codes": "F034"
	},
	// F035 Magician of Black Chaos
	{
		"name": "Magician of Black Chaos",
		"type": "toggle",
		"img": "images/F035.png",
		"codes": "F035"
	},
	// F036 Saggi the Dark Clown
	{
		"name": "Saggi the Dark Clown",
		"type": "toggle",
		"img": "images/F036.png",
		"codes": "F036"
	},
	// F037 Illusionist Faceless Mage
	{
		"name": "Illusionist Faceless Mage",
		"type": "toggle",
		"img": "images/F037.png",
		"codes": "F037"
	},
	// F038 Skull Knight #1
	{
		"name": "Skull Knight #1",
		"type": "toggle",
		"img": "images/F038.png",
		"codes": "F038"
	},
	// F039 Cosmo Queen
	{
		"name": "Cosmo Queen",
		"type": "toggle",
		"img": "images/F039.png",
		"codes": "F039"
	},
	// F040 Dark Elf
	{
		"name": "Dark Elf",
		"type": "toggle",
		"img": "images/F040.png",
		"codes": "F040"
	},
	// F041 Lord of D.
	{
		"name": "Lord of D.",
		"type": "toggle",
		"img": "images/F041.png",
		"codes": "F041"
	},
	// F042 Invitation to a Dark Sleep
	{
		"name": "Invitation to a Dark Sleep",
		"type": "toggle",
		"img": "images/F042.png",
		"codes": "F042"
	},
	// F043 The Illusory Gentleman
	{
		"name": "The Illusory Gentleman",
		"type": "toggle",
		"img": "images/F043.png",
		"codes": "F043"
	},
	// F044 Tao the Chanter
	{
		"name": "Tao the Chanter",
		"type": "toggle",
		"img": "images/F044.png",
		"codes": "F044"
	},
	// F045 Aqua Madoor
	{
		"name": "Aqua Madoor",
		"type": "toggle",
		"img": "images/F045.png",
		"codes": "F045"
	},
	// F046 Water Girl
	{
		"name": "Water Girl",
		"type": "toggle",
		"img": "images/F046.png",
		"codes": "F046"
	},
	// F047 Dragon Piper
	{
		"name": "Dragon Piper",
		"type": "toggle",
		"img": "images/F047.png",
		"codes": "F047"
	},
	// F048 Gemini Elf (Kachua)
	{
		"name": "Gemini Elf (Kachua)",
		"type": "toggle",
		"img": "images/F048.png",
		"codes": "F048"
	},
	// F049 Gemini Elf (Lora)
	{
		"name": "Gemini Elf (Lora)",
		"type": "toggle",
		"img": "images/F049.png",
		"codes": "F049"
	},
	// F050 Dark Magician #2
	{
		"name": "Dark Magician #2",
		"type": "toggle",
		"img": "images/F050.png",
		"codes": "F050"
	},
	// F051 Giltia the D. Knight
	{
		"name": "Giltia the D. Knight",
		"type": "toggle",
		"img": "images/F051.png",
		"codes": "F051"
	},
	// F052 Black Luster Soldier
	{
		"name": "Black Luster Soldier",
		"type": "toggle",
		"img": "images/F052.png",
		"codes": "F052"
	},
	// F053 Swordstalker
	{
		"name": "Swordstalker",
		"type": "toggle",
		"img": "images/F053.png",
		"codes": "F053"
	},
	// F054 Flame Swordsman
	{
		"name": "Flame Swordsman",
		"type": "toggle",
		"img": "images/F054.png",
		"codes": "F054"
	},
	// F055 Lava Battleguard
	{
		"name": "Lava Battleguard",
		"type": "toggle",
		"img": "images/F055.png",
		"codes": "F055"
	},
	// F056 Swamp Battleguard
	{
		"name": "Swamp Battleguard",
		"type": "toggle",
		"img": "images/F056.png",
		"codes": "F056"
	},
	// F057 Judge Man
	{
		"name": "Judge Man",
		"type": "toggle",
		"img": "images/F057.png",
		"codes": "F057"
	},
	// F058 Gaia the Fierce Knight
	{
		"name": "Gaia the Fierce Knight",
		"type": "toggle",
		"img": "images/F058.png",
		"codes": "F058"
	},
	// F059 Celtic Guardian
	{
		"name": "Celtic Guardian",
		"type": "toggle",
		"img": "images/F059.png",
		"codes": "F059"
	},
	// F060 Axe Raider
	{
		"name": "Axe Raider",
		"type": "toggle",
		"img": "images/F060.png",
		"codes": "F060"
	},
	// F061 Zanki
	{
		"name": "Zanki",
		"type": "toggle",
		"img": "images/F061.png",
		"codes": "F061"
	},
	// F062 Ansatsu
	{
		"name": "Ansatsu",
		"type": "toggle",
		"img": "images/F062.png",
		"codes": "F062"
	},
	// F063 Kanan the Swordmistress
	{
		"name": "Kanan the Swordmistress",
		"type": "toggle",
		"img": "images/F063.png",
		"codes": "F063"
	},
	// F064 Monster Tamer
	{
		"name": "Monster Tamer",
		"type": "toggle",
		"img": "images/F064.png",
		"codes": "F064"
	},
	// F065 Swordsman from a Foreign Land
	{
		"name": "Swordsman from a Foreign Land",
		"type": "toggle",
		"img": "images/F065.png",
		"codes": "F065"
	},
	// F066 Garoozis
	{
		"name": "Garoozis",
		"type": "toggle",
		"img": "images/F066.png",
		"codes": "F066"
	},
	// F067 Hitotsu-Me Giant
	{
		"name": "Hitotsu-Me Giant",
		"type": "toggle",
		"img": "images/F067.png",
		"codes": "F067"
	},
	// F068 Battle Ox
	{
		"name": "Battle Ox",
		"type": "toggle",
		"img": "images/F068.png",
		"codes": "F068"
	},
	// F069 Beaver Warrior
	{
		"name": "Beaver Warrior",
		"type": "toggle",
		"img": "images/F069.png",
		"codes": "F069"
	},
	// F070 Mountain Warrior
	{
		"name": "Mountain Warrior",
		"type": "toggle",
		"img": "images/F070.png",
		"codes": "F070"
	},
	// F071 Tiger Axe
	{
		"name": "Tiger Axe",
		"type": "toggle",
		"img": "images/F071.png",
		"codes": "F071"
	},
	// F072 Rabid Horseman
	{
		"name": "Rabid Horseman",
		"type": "toggle",
		"img": "images/F072.png",
		"codes": "F072"
	},
	// F073 Sengenjin
	{
		"name": "Sengenjin",
		"type": "toggle",
		"img": "images/F073.png",
		"codes": "F073"
	},
	// F074 Panther Warrior
	{
		"name": "Panther Warrior",
		"type": "toggle",
		"img": "images/F074.png",
		"codes": "F074"
	},
	// F075 Mystic Horseman
	{
		"name": "Mystic Horseman",
		"type": "toggle",
		"img": "images/F075.png",
		"codes": "F075"
	},
	// F076 Buster Blader
	{
		"name": "Buster Blader",
		"type": "toggle",
		"img": "images/F076.png",
		"codes": "F076"
	},
	// F077 Stuffed Animal
	{
		"name": "Stuffed Animal",
		"type": "toggle",
		"img": "images/F077.png",
		"codes": "F077"
	},
	// F078 Dark Rabbit
	{
		"name": "Dark Rabbit",
		"type": "toggle",
		"img": "images/F078.png",
		"codes": "F078"
	},
	// F079 Silver Fang
	{
		"name": "Silver Fang",
		"type": "toggle",
		"img": "images/F079.png",
		"codes": "F079"
	},
	// F080 Gazelle the King of Mythical Beasts
	{
		"name": "Gazelle the King of Mythical Beasts",
		"type": "toggle",
		"img": "images/F080.png",
		"codes": "F080"
	},
	// F081 Chimera the Flying Mythical Beast
	{
		"name": "Chimera the Flying Mythical Beast",
		"type": "toggle",
		"img": "images/F081.png",
		"codes": "F081"
	},
	// F082 Mavelus
	{
		"name": "Mavelus",
		"type": "toggle",
		"img": "images/F082.png",
		"codes": "F082"
	},
	// F083 Crimson Sunbird
	{
		"name": "Crimson Sunbird",
		"type": "toggle",
		"img": "images/F083.png",
		"codes": "F083"
	},
	// F084 Wing Eagle
	{
		"name": "Wing Eagle",
		"type": "toggle",
		"img": "images/F084.png",
		"codes": "F084"
	},
	// F085 Big Insect
	{
		"name": "Big Insect",
		"type": "toggle",
		"img": "images/F085.png",
		"codes": "F085"
	},
	// F086 Basic Insect
	{
		"name": "Basic Insect",
		"type": "toggle",
		"img": "images/F086.png",
		"codes": "F086"
	},
	// F087 Hercules Beetle
	{
		"name": "Hercules Beetle",
		"type": "toggle",
		"img": "images/F087.png",
		"codes": "F087"
	},
	// F088 Larvae Moth
	{
		"name": "Larvae Moth",
		"type": "toggle",
		"img": "images/F088.png",
		"codes": "F088"
	},
	// F089 Perfectly Ultimate Great Moth
	{
		"name": "Perfectly Ultimate Great Moth",
		"type": "toggle",
		"img": "images/F089.png",
		"codes": "F089"
	},
	// F090 Dungeon Worm
	{
		"name": "Dungeon Worm",
		"type": "toggle",
		"img": "images/F090.png",
		"codes": "F090"
	},
	// F091 Man-Eater Bug
	{
		"name": "Man-Eater Bug",
		"type": "toggle",
		"img": "images/F091.png",
		"codes": "F091"
	},
	// F092 Hunter Spider
	{
		"name": "Hunter Spider",
		"type": "toggle",
		"img": "images/F092.png",
		"codes": "F092"
	},
	// F093 Armored Lizard
	{
		"name": "Armored Lizard",
		"type": "toggle",
		"img": "images/F093.png",
		"codes": "F093"
	},
	// F094 Fiend Kraken
	{
		"name": "Fiend Kraken",
		"type": "toggle",
		"img": "images/F094.png",
		"codes": "F094"
	},
	// F095 Jellyfish
	{
		"name": "Jellyfish",
		"type": "toggle",
		"img": "images/F095.png",
		"codes": "F095"
	},
	// F096 Octoberser
	{
		"name": "Octoberser",
		"type": "toggle",
		"img": "images/F096.png",
		"codes": "F096"
	},
	// F097 Beastking of the Swamps
	{
		"name": "Beastking of the Swamps",
		"type": "toggle",
		"img": "images/F097.png",
		"codes": "F097"
	},
	// F098 Giant Red Seasnake
	{
		"name": "Giant Red Seasnake",
		"type": "toggle",
		"img": "images/F098.png",
		"codes": "F098"
	},
	// F099 Kanikabuto
	{
		"name": "Kanikabuto",
		"type": "toggle",
		"img": "images/F099.png",
		"codes": "F099"
	},
	// F100 Zarigun
	{
		"name": "Zarigun",
		"type": "toggle",
		"img": "images/F100.png",
		"codes": "F100"
	},
	// F101 Penguin Soldier
	{
		"name": "Penguin Soldier",
		"type": "toggle",
		"img": "images/F101.png",
		"codes": "F101"
	},
	// F102 Harpie Lady (Airo)
	{
		"name": "Harpie Lady (Airo)",
		"type": "toggle",
		"img": "images/F102.png",
		"codes": "F102"
	},
	// F103 Harpie Lady (Ocupete)
	{
		"name": "Harpie Lady (Ocupete)",
		"type": "toggle",
		"img": "images/F103.png",
		"codes": "F103"
	},
	// F104 Harpie Lady (Keraino)
	{
		"name": "Harpie Lady (Keraino)",
		"type": "toggle",
		"img": "images/F104.png",
		"codes": "F104"
	},
	// F105 Sanga of the Thunder
	{
		"name": "Sanga of the Thunder",
		"type": "toggle",
		"img": "images/F105.png",
		"codes": "F105"
	},
	// F106 Kazejin
	{
		"name": "Kazejin",
		"type": "toggle",
		"img": "images/F106.png",
		"codes": "F106"
	},
	// F107 Suijin
	{
		"name": "Suijin",
		"type": "toggle",
		"img": "images/F107.png",
		"codes": "F107"
	},
	// F108 Gate Guardian
	{
		"name": "Gate Guardian",
		"type": "toggle",
		"img": "images/F108.png",
		"codes": "F108"
	},
	// F109 Insect Queen
	{
		"name": "Insect Queen",
		"type": "toggle",
		"img": "images/F109.png",
		"codes": "F109"
	},
	// F110 Fairy's Gift
	{
		"name": "Fairy's Gift",
		"type": "toggle",
		"img": "images/F110.png",
		"codes": "F110"
	},
	// F111 Hane-Hane
	{
		"name": "Hane-Hane",
		"type": "toggle",
		"img": "images/F111.png",
		"codes": "F111"
	},
	// F112 Gyakutenno Megami
	{
		"name": "Gyakutenno Megami",
		"type": "toggle",
		"img": "images/F112.png",
		"codes": "F112"
	},
	// F113 Orion the Battle King
	{
		"name": "Orion the Battle King",
		"type": "toggle",
		"img": "images/F113.png",
		"codes": "F113"
	},
	// F114 Dark Witch
	{
		"name": "Dark Witch",
		"type": "toggle",
		"img": "images/F114.png",
		"codes": "F114"
	},
	// F115 Dancing Elf
	{
		"name": "Dancing Elf",
		"type": "toggle",
		"img": "images/F115.png",
		"codes": "F115"
	},
	// F116 Enchanting Mermaid
	{
		"name": "Enchanting Mermaid",
		"type": "toggle",
		"img": "images/F116.png",
		"codes": "F116"
	},
	// F117 Flame Cerebrus
	{
		"name": "Flame Cerebrus",
		"type": "toggle",
		"img": "images/F117.png",
		"codes": "F117"
	},
	// F118 Giant Soldier of Stone
	{
		"name": "Giant Soldier of Stone",
		"type": "toggle",
		"img": "images/F118.png",
		"codes": "F118"
	},
	// F119 Millennium Golem
	{
		"name": "Millennium Golem",
		"type": "toggle",
		"img": "images/F119.png",
		"codes": "F119"
	},
	// F120 Dark Plant
	{
		"name": "Dark Plant",
		"type": "toggle",
		"img": "images/F120.png",
		"codes": "F120"
	},
	// F121 Queen of Autumn Leaves
	{
		"name": "Queen of Autumn Leaves",
		"type": "toggle",
		"img": "images/F121.png",
		"codes": "F121"
	},
	// F122 Moisture Creature
	{
		"name": "Moisture Creature",
		"type": "toggle",
		"img": "images/F122.png",
		"codes": "F122"
	},
	// F123 Dunames Dark Witch
	{
		"name": "Dunames Dark Witch",
		"type": "toggle",
		"img": "images/F123.png",
		"codes": "F123"
	},
	// F124 Embodiment of Apophis
	{
		"name": "Embodiment of Apophis",
		"type": "toggle",
		"img": "images/F124.png",
		"codes": "F124"
	},
	// F125 Mystical Beast Serket
	{
		"name": "Mystical Beast Serket",
		"type": "toggle",
		"img": "images/F125.png",
		"codes": "F125"
	},
	// F126 Phantom Dewan
	{
		"name": "Phantom Dewan",
		"type": "toggle",
		"img": "images/F126.png",
		"codes": "F126"
	},
	// F127 Shadow Specter
	{
		"name": "Shadow Specter",
		"type": "toggle",
		"img": "images/F127.png",
		"codes": "F127"
	},
	// F128 Zombie Warrior
	{
		"name": "Zombie Warrior",
		"type": "toggle",
		"img": "images/F128.png",
		"codes": "F128"
	},
	// F129 The Snake Hair
	{
		"name": "The Snake Hair",
		"type": "toggle",
		"img": "images/F129.png",
		"codes": "F129"
	},
	// F130 Armored Zombie
	{
		"name": "Armored Zombie",
		"type": "toggle",
		"img": "images/F130.png",
		"codes": "F130"
	},
	// F131 Dragon Zombie
	{
		"name": "Dragon Zombie",
		"type": "toggle",
		"img": "images/F131.png",
		"codes": "F131"
	},
	// F132 Pumpking the King of Ghosts
	{
		"name": "Pumpking the King of Ghosts",
		"type": "toggle",
		"img": "images/F132.png",
		"codes": "F132"
	},
	// F133 Shadow Ghoul
	{
		"name": "Shadow Ghoul",
		"type": "toggle",
		"img": "images/F133.png",
		"codes": "F133"
	},
	// F134 Ghoul with an Appetite
	{
		"name": "Ghoul with an Appetite",
		"type": "toggle",
		"img": "images/F134.png",
		"codes": "F134"
	},
	// F135 Feral Imp
	{
		"name": "Feral Imp",
		"type": "toggle",
		"img": "images/F135.png",
		"codes": "F135"
	},
	// F136 Summoned Skull
	{
		"name": "Summoned Skull",
		"type": "toggle",
		"img": "images/F136.png",
		"codes": "F136"
	},
	// F137 Horn Imp
	{
		"name": "Horn Imp",
		"type": "toggle",
		"img": "images/F137.png",
		"codes": "F137"
	},
	// F138 Kuriboh
	{
		"name": "Kuriboh",
		"type": "toggle",
		"img": "images/F138.png",
		"codes": "F138"
	},
	// F139 Castle of Dark Illusions
	{
		"name": "Castle of Dark Illusions",
		"type": "toggle",
		"img": "images/F139.png",
		"codes": "F139"
	},
	// F140 Reaper of the Cards
	{
		"name": "Reaper of the Cards",
		"type": "toggle",
		"img": "images/F140.png",
		"codes": "F140"
	},
	// F141 King of Yamimakai
	{
		"name": "King of Yamimakai",
		"type": "toggle",
		"img": "images/F141.png",
		"codes": "F141"
	},
	// F142 Dark Chimera
	{
		"name": "Dark Chimera",
		"type": "toggle",
		"img": "images/F142.png",
		"codes": "F142"
	},
	// F143 Dark King of the Abyss
	{
		"name": "Dark King of the Abyss",
		"type": "toggle",
		"img": "images/F143.png",
		"codes": "F143"
	},
	// F144 Midnight Fiend
	{
		"name": "Midnight Fiend",
		"type": "toggle",
		"img": "images/F144.png",
		"codes": "F144"
	},
	// F145 Ryu-Kishin Powered
	{
		"name": "Ryu-Kishin Powered",
		"type": "toggle",
		"img": "images/F145.png",
		"codes": "F145"
	},
	// F146 Bickuribox
	{
		"name": "Bickuribox",
		"type": "toggle",
		"img": "images/F146.png",
		"codes": "F146"
	},
	// F147 Zoa
	{
		"name": "Zoa",
		"type": "toggle",
		"img": "images/F147.png",
		"codes": "F147"
	},
	// F148 Dragon Seeker
	{
		"name": "Dragon Seeker",
		"type": "toggle",
		"img": "images/F148.png",
		"codes": "F148"
	},
	// F149 Neck Hunter
	{
		"name": "Neck Hunter",
		"type": "toggle",
		"img": "images/F149.png",
		"codes": "F149"
	},
	// F150 Three-Headed Geedo
	{
		"name": "Three-Headed Geedo",
		"type": "toggle",
		"img": "images/F150.png",
		"codes": "F150"
	},
	// F151 Kryuel
	{
		"name": "Kryuel",
		"type": "toggle",
		"img": "images/F151.png",
		"codes": "F151"
	},
	// F152 Beast of Gilfer
	{
		"name": "Beast of Gilfer",
		"type": "toggle",
		"img": "images/F152.png",
		"codes": "F152"
	},
	// F153 Berfomet
	{
		"name": "Berfomet",
		"type": "toggle",
		"img": "images/F153.png",
		"codes": "F153"
	},
	// F154 Fortress Whale
	{
		"name": "Fortress Whale",
		"type": "toggle",
		"img": "images/F154.png",
		"codes": "F154"
	},
	// F155 Labyrinth Tank
	{
		"name": "Labyrinth Tank",
		"type": "toggle",
		"img": "images/F155.png",
		"codes": "F155"
	},
	// F156 Metalzoa
	{
		"name": "Metalzoa",
		"type": "toggle",
		"img": "images/F156.png",
		"codes": "F156"
	},
	// F157 Cyber Soldier
	{
		"name": "Cyber Soldier",
		"type": "toggle",
		"img": "images/F157.png",
		"codes": "F157"
	},
	// F158 Cyber Commander
	{
		"name": "Cyber Commander",
		"type": "toggle",
		"img": "images/F158.png",
		"codes": "F158"
	},
	// F159 Dharma Cannon
	{
		"name": "Dharma Cannon",
		"type": "toggle",
		"img": "images/F159.png",
		"codes": "F159"
	},
	// F160 Red-Eyes Black Metal Dragon
	{
		"name": "Red-Eyes Black Metal Dragon",
		"type": "toggle",
		"img": "images/F160.png",
		"codes": "F160"
	},
	// F161 Barrel Dragon
	{
		"name": "Barrel Dragon",
		"type": "toggle",
		"img": "images/F161.png",
		"codes": "F161"
	},
	// F162 Slot Machine
	{
		"name": "Slot Machine",
		"type": "toggle",
		"img": "images/F162.png",
		"codes": "F162"
	},
	// F163 Launcher Spider
	{
		"name": "Launcher Spider",
		"type": "toggle",
		"img": "images/F163.png",
		"codes": "F163"
	},
	// F164 Robotic Knight
	{
		"name": "Robotic Knight",
		"type": "toggle",
		"img": "images/F164.png",
		"codes": "F164"
	},
	// F165 Machine King
	{
		"name": "Machine King",
		"type": "toggle",
		"img": "images/F165.png",
		"codes": "F165"
	},
	// F166 Giant Mech-Soldier
	{
		"name": "Giant Mech-Soldier",
		"type": "toggle",
		"img": "images/F166.png",
		"codes": "F166"
	},
	// F167 Jinzo
	{
		"name": "Jinzo",
		"type": "toggle",
		"img": "images/F167.png",
		"codes": "F167"
	},
	// F168 Alpha The Magnet Warrior
	{
		"name": "Alpha The Magnet Warrior",
		"type": "toggle",
		"img": "images/F168.png",
		"codes": "F168"
	},
	// F169 Beta The Magnet Warrior
	{
		"name": "Beta The Magnet Warrior",
		"type": "toggle",
		"img": "images/F169.png",
		"codes": "F169"
	},
	// F170 Gamma The Magnet Warrior
	{
		"name": "Gamma The Magnet Warrior",
		"type": "toggle",
		"img": "images/F170.png",
		"codes": "F170"
	},
	// F171 Valkyrion the Magna Warrior
	{
		"name": "Valkyrion the Magna Warrior",
		"type": "toggle",
		"img": "images/F171.png",
		"codes": "F171"
	},
	// F172 Cyber Saurus
	{
		"name": "Cyber Saurus",
		"type": "toggle",
		"img": "images/F172.png",
		"codes": "F172"
	},
	// F173 Rocket Warrior
	{
		"name": "Rocket Warrior",
		"type": "toggle",
		"img": "images/F173.png",
		"codes": "F173"
	},
	// F174 Obelisk the Tormentor
	{
		"name": "Obelisk the Tormentor",
		"type": "toggle",
		"img": "images/F174.png",
		"codes": "F174"
	},
	// F175 Slifer the Sky Dragon
	{
		"name": "Slifer the Sky Dragon",
		"type": "toggle",
		"img": "images/F175.png",
		"codes": "F175"
	},
	// F176 The Winged Dragon of Ra
	{
		"name": "The Winged Dragon of Ra",
		"type": "toggle",
		"img": "images/F176.png",
		"codes": "F176"
    }
    
  ]