[
  // HC Label
  {
    "name": "Hyrule Castle",
    "type": "static",
    "img": "images/HC.png",
    "codes": "hc_label"
  },
  // AT Label
  {
    "name": "Aganhim's Tower",
    "type": "static",
    "img": "images/AT.png",
    "codes": "at_label"
  },
  // EP Label
  {
    "name": "Eastern Palace",
    "type": "static",
    "img": "images/EP.png",
    "codes": "ep_label"
  },
  // DP Label
  {
    "name": "Desert Palace",
    "type": "static",
    "img": "images/DP.png",
    "codes": "dp_label"
  },
  // TOH Label
  {
    "name": "Tower of Hera",
    "type": "static",
    "img": "images/TH.png",
    "codes": "toh_label"
  },
  // POD Label
  {
    "name": "Palace of Darkness",
    "type": "static",
    "img": "images/PD.png",
    "codes": "pod_label"
  },
  // SP Label
  {
    "name": "Swamp Palace",
    "type": "static",
    "img": "images/SP.png",
    "codes": "sp_label"
  },
  // SW Label
  {
    "name": "Skull Woods",
    "type": "static",
    "img": "images/SW.png",
    "codes": "sw_label"
  },
  // TT Label
  {
    "name": "Thieves Town",
    "type": "static",
    "img": "images/TT.png",
    "codes": "tt_label"
  },
  // IP Label
  {
    "name": "Ice Palace",
    "type": "static",
    "img": "images/IP.png",
    "codes": "ip_label"
  },
  // MM Label
  {
    "name": "Misery Mire",
    "type": "static",
    "img": "images/MM.png",
    "codes": "mm_label"
  },
  // TR Label
  {
    "name": "Turtle Rock",
    "type": "static",
    "img": "images/TR.png",
    "codes": "tr_label"
  },
  // GT Label
  {
    "name": "Ganon's Tower",
    "type": "static",
    "img": "images/GT.png",
    "codes": "gt_label"
  }    
]